Voltage_measured,Current_measured,Temperature_measured,Current_load,Voltage_load,Time
4.201927103230439,-0.0018888940994361,3.460982747603697,0.0006,0.0,0.0
4.201767156531909,0.0001592681900314,3.375416001730445,0.0004,4.217,9.422000000000002
3.495005241445208,-3.976067354655828,3.402014963456532,3.997,1.366,22.438
3.374903663922697,-3.9764572560922056,3.9579815014036286,3.997,1.285,34.641000000000005
3.166056680729949,-3.9744494376560144,4.532742121557932,3.997,1.122,46.875
2.8284605491161563,-3.976527780195651,5.160805837716618,3.997,0.809,59.141
2.464325308909032,-3.9741852725576026,5.948171234111326,3.997,0.438,71.531
3.92151444709441,-0.0061053432444117,6.726202024259226,0.0006,0.0,84.172
4.000254033936515,-0.0033514886186305,7.155555764844436,0.0006,0.0,96.906
