Voltage_measured,Current_measured,Temperature_measured,Current_load,Voltage_load,Time
4.178594409188522,-0.0033412176965914,5.268020681575575,0.0006,0.0,0.0
4.178617367574264,-0.000871095634093,5.364094164118527,0.0006,4.194,9.343000000000004
3.3855535276658,-3.991247649871697,5.4930483202814,4.0,1.262,22.406
3.2728917321154825,-3.991569924612713,6.028802443392928,4.001,1.172,34.718
3.104539352731486,-3.990967222967852,6.713160349106353,4.0,1.015,47.015
2.851631219950836,-3.9895515342156975,7.451856768399346,4.0,0.765,59.359
2.5492794097929745,-3.9896616900087847,8.263265970813752,4.0,0.469,71.781
3.900907651898904,-0.0065181189233656,9.013994572093448,0.0006,0.001,84.328
3.97832212096772,0.0026975967399349,9.207557697837885,0.0006,0.0,97.015
