Voltage_measured,Current_measured,Temperature_measured,Current_load,Voltage_load,Time
4.193229331386959,-0.0024000418976319,5.428811278743664,0.0004,0.0,0.0
4.193648125269162,-0.0004599745490634,5.503597043420292,0.0006,4.209,9.343000000000004
3.387384646274352,-4.02635645614634,5.699197698017439,3.996,1.437,22.406
3.204754009628207,-4.026314079797832,6.191639493690388,3.996,1.316,34.718
2.765243005219271,-4.025966656585734,6.8133636108271824,3.996,1.051,47.015
1.9650910927147995,-3.823831462340785,7.696599416756992,3.996,0.406,59.359
3.8965761944454864,-0.0040435744333217,8.647744995115808,0.0004,0.001,71.781
3.998945125055476,-0.0006190543424813,9.02352638006836,0.0002,0.001,84.328
4.038229166553849,-0.0032143817049093,9.120173569834156,0.0002,0.001,97.015
