Voltage_measured,Current_measured,Temperature_measured,Current_load,Voltage_load,Time
4.177509034327151,-0.0004142030105066,4.563444717869488,0.0006,0.0,0.0
4.177637250505157,-0.003691326745317,4.622893212879019,0.0006,4.193,9.328
3.369111332233388,-3.9895270716190794,4.786253663205826,4.0,1.238,22.312
3.256965008719848,-3.9901215763529714,5.357948233657671,4.001,1.149,34.562
3.0906261650480062,-3.986440642499735,6.063908331632724,4.001,0.994,46.765
2.839546082632208,-3.991228658722021,6.8422560590148045,4.0,0.749,58.968
2.5366466461777906,-3.991625583043432,7.64456630978598,4.001,0.444,71.343
3.900441957393828,-0.0058577423424682,8.41144450192671,0.0006,0.002,83.875
3.977433632079869,2.94281467370658e-05,8.628110902694925,0.0006,0.0,96.484
