Voltage_measured,Current_measured,Temperature_measured,Current_charge,Voltage_charge,Time
0.9796499614355424,-0.0051572890326803,22.984433156049665,0.0,-0.007,0.0
-0.0014221565384104,-0.0013258978683774,22.98409947535817,-0.001,-0.007,2.547
4.985088936434147,0.0002033150595317,22.98614802620609,0.0,4.996,5.499999999999999
4.985345277460334,0.0003294256124374,22.994624737077395,-0.001,4.996,8.312000000000001
4.186010420829398,-0.0010624480271055,22.99067679944457,-0.001,4.192,12.656000000000002
