Voltage_measured,Current_measured,Temperature_measured,Current_load,Voltage_load,Time
4.190425450437361,-0.0020856055251381,6.582625875555882,0.0004,0.0,0.0
4.190597056442859,-0.0015391791119224,6.072575304032672,0.0006,4.206,9.36
3.8013484699433535,-2.011883291667193,5.839075704114906,1.9976,2.806,23.0
