Voltage_measured,Current_measured,Temperature_measured,Current_load,Voltage_load,Time
4.1929659402394455,-0.0021031895042035,3.671394974797328,0.0006,-0.0,0.0
4.193421662600735,-0.0003870801240683,3.64036908208834,0.0006,4.208,9.422000000000002
3.378209095739181,-4.027238471110434,3.729207217683507,3.996,1.415,22.438
3.1927809623959256,-4.026240381016043,4.578151988608855,3.996,1.309,34.641000000000005
2.7398829284668182,-4.025919567838796,5.210718360366631,3.996,1.036,46.875
1.930210649441756,-3.7584362176666137,6.1969935337264666,3.996,0.359,59.141
3.894376045386232,-0.0009396603767566,7.251556072217792,0.0004,0.001,71.531
3.998724807971664,-0.0013908398253028,7.651818460016229,0.0002,0.001,84.172
4.038009769819511,-0.0036939394295682,7.830975218816948,0.0004,0.001,96.906
