Voltage_measured,Current_measured,Temperature_measured,Current_charge,Voltage_charge,Time
0.2363561841526786,-0.0034844262761841,23.372047504812105,0.0,0.003,0.0
0.0033652442238818,-0.0014957339000395,23.369433909575037,0.0,0.003,2.547
4.985136965640462,0.0005056082535335,23.386535422873216,0.0,5.002,5.499999999999999
4.984720450648856,0.0004417750500661,23.386983256936325,-0.002,5.002,8.312000000000001
4.213439684000495,-0.0007336593941978,23.385060976273284,-0.002,4.229,12.656000000000002
